emp_id,first_name,last_name,company_name,city,county,state,zip,phone
2861,James,Butt,Benton,6649 N Blue Gum St,New Orleans,Orleans,LA,70116
3293,Josephine,Darakjy,Chanay,4 B Blue Ridge Blvd,Brighton,Livingston,MI,48116
3987,Art,Venere,Chemel,8 W Cerritos Ave #54,Bridgeport,Gloucester,NJ,8014
9533,Lenna,Paprocki,Feltz Printing Service,Anchorage,Anchorage,AK,99501,907-385-4412
2236,Donette,Foller,Printing Dimensions,Hamilton,Butler,OH,45011,513-570-1893
6605,Simona,Morasca,Chapman,3 Mcauley Dr,Ashland,Ashland,OH,44805
9000,Mitsue,Tollner,Morlong Associates,Chicago,Cook,IL,60632,773-573-6914
3838,Leota,Dilliard,Commercial Press,San Jose,Santa Clara,CA,95111,408-752-3500
2432,Sage,Wieser,Truhlar And Truhlar Attys,Sioux Falls,Minnehaha,SD,57105,605-414-2147
2869,Kris,Marrier,King,228 Runamuck Pl #2808,Baltimore,Baltimore City,MD,21224
2352,Minna,Amigon,Dorl,2371 Jerrold Ave,Kulpsville,Montgomery,PA,19443
8890,Abel,Maclead,Rangoni Of Florence,Middle Island,Suffolk,NY,11953,631-335-3414
5131,Kiley,Caldarera,Feiner Bros,Los Angeles,Los Angeles,CA,90034,310-498-5651
4853,Graciela,Ruta,Buckley Miller & Wright,Chagrin Falls,Geauga,OH,44023,440-780-8425
1606,Cammy,Albares,Rousseaux,56 E Morehead St,Laredo,Webb,TX,78045
8155,Mattie,Poquette,Century Communications,Phoenix,Maricopa,AZ,85013,602-277-4385
8194,Meaghan,Garufi,Bolton,69734 E Carrillo St,Mc Minnville,Warren,TN,37110
3652,Gladys,Rim,T M Byxbee Company Pc,Milwaukee,Milwaukee,WI,53207,414-661-9598
6881,Yuki,Whobrey,Farmers Insurance Group,Taylor,Wayne,MI,48180,313-288-7937
1204,Fletcher,Flosi,Post Box Services Plus,Rockford,Winnebago,IL,61109,815-828-2147
1906,Bette,Nicka,Sport En Art,Aston,Delaware,PA,19014,610-545-3615
3618,Veronika,Inouye,C 4 Network Inc,San Jose,Santa Clara,CA,95111,408-540-1785
5184,Willard,Kolmetz,Ingalls,618 W Yakima Ave,Irving,Dallas,TX,75062
7153,Maryann,Royster,Franklin,74 S Westgate St,Albany,Albany,NY,12204
9274,Alisha,Slusarski,Wtlz Power 107 Fm,Middlesex,Middlesex,NJ,8846,732-658-3154
1432,Allene,Iturbide,Ledecky,1 Central Ave,Stevens Point,Portage,WI,54481
5977,Chanel,Caudy,Professional Image Inc,Shawnee,Johnson,KS,66218,913-388-2079
5332,Ezekiel,Chui,Sider,2 Cedar Ave #84,Easton,Talbot,MD,21601
4374,Willow,Kusko,U Pull It,New York,New York,NY,10011,212-582-4976
2093,Bernardo,Figeroa,Clark,386 9th Ave N,Conroe,Montgomery,TX,77301
6949,Ammie,Corrio,Moskowitz,74874 Atlantic Ave,Columbus,Franklin,OH,43215
7036,Francine,Vocelka,Cascade Realty Advisors Inc,Las Cruces,Dona Ana,NM,88011,505-977-3911
1393,Ernie,Stenseth,Knwz Newsradio,Ridgefield Park,Bergen,NJ,7660,201-709-6245
4612,Albina,Glick,Giampetro,4 Ralph Ct,Dunellen,Middlesex,NJ,8812
7167,Alishia,Sergi,Milford Enterprises Inc,New York,New York,NY,10025,212-860-1579
3931,Solange,Shinko,Mosocco,426 Wolf St,Metairie,Jefferson,LA,70002
8537,Jose,Stockham,Tri State Refueler Co,New York,New York,NY,10011,212-675-8570
9025,Rozella,Ostrosky,Parkway Company,Camarillo,Ventura,CA,93012,805-832-6163
8354,Valentine,Gillian,Fbs Business Finance,San Antonio,Bexar,TX,78204,210-812-9597
4868,Kati,Rulapaugh,Eder Assocs Consltng Engrs Pc,Abilene,Dickinson,KS,67410,785-463-7829
1916,Youlanda,Schemmer,Tri M Tool Inc,Prineville,Crook,OR,97754,541-548-8197
5322,Dyan,Oldroyd,International Eyelets Inc,Overland Park,Johnson,KS,66204,913-413-4604
2799,Roxane,Campain,Rapid Trading Intl,Fairbanks,Fairbanks North Star,AK,99708,907-231-4722
9264,Lavera,Perin,Abc Enterprises Inc,Miami,Miami-Dade,FL,33196,305-606-7291
2880,Erick,Ferencz,Cindy Turner Associates,Fairbanks,Fairbanks North Star,AK,99712,907-741-1044
2265,Fatima,Saylors,Stanton,2 Lighthouse Ave,Hopkins,Hennepin,MN,55343
6170,Jina,Briddick,Grace Pastries Inc,Boston,Suffolk,MA,2128,617-399-5124
3032,Kanisha,Waycott,Schroer,5 Tomahawk Dr,Los Angeles,Los Angeles,CA,90006
1995,Emerson,Bowley,Knights Inn,Madison,Dane,WI,53711,608-336-7444
9924,Blair,Malet,Bollinger Mach Shp & Shipyard,Philadelphia,Philadelphia,PA,19132,215-907-9111
1251,Brock,Bolognia,Orinda News,New York,New York,NY,10003,212-402-9216
8293,Lorrie,Nestle,Ballard Spahr Andrews,Tullahoma,Coffee,TN,37388,931-875-6644
1453,Sabra,Uyetake,Lowy Limousine Service,Columbia,Richland,SC,29201,803-925-5213
6262,Marjory,Mastella,Vicon Corporation,Wayne,Delaware,PA,19087,610-814-5533
6776,Karl,Klonowski,Rossi,76 Brooks St #9,Flemington,Hunterdon,NJ,8822
9610,Tonette,Wenner,Northwest Publishing,Westbury,Nassau,NY,11590,516-968-6051
9688,Amber,Monarrez,Branford Wire & Mfg Co,Jenkintown,Montgomery,PA,19046,215-934-8655
3175,Shenika,Seewald,East Coast Marketing,Van Nuys,Los Angeles,CA,91405,818-423-4007
7455,Delmy,Ahle,Wye Technologies Inc,Providence,Providence,RI,2909,401-458-2547
4800,Deeanna,Juhas,Healy,14302 Pennsylvania Ave,Huntingdon Valley,Montgomery,PA,19006
5472,Blondell,Pugh,Alpenlite Inc,Providence,Providence,RI,2904,401-960-8259
9149,Jamal,Vanausdal,Hubbard,53075 Sw 152nd Ter #615,Monroe Township,Middlesex,NJ,8831
7986,Cecily,Hollack,Arthur A Oliver & Son Inc,Austin,Travis,TX,78731,512-486-3817
5317,Carmelina,Lindall,George Jessop Carter Jewelers,Littleton,Douglas,CO,80126,303-724-7371
1164,Maurine,Yglesias,Schultz,59 Shady Ln #53,Milwaukee,Milwaukee,WI,53214
4213,Tawna,Buvens,H H H Enterprises Inc,New York,New York,NY,10009,212-674-9610
3302,Penney,Weight,Hawaiian King Hotel,Anchorage,Anchorage,AK,99515,907-797-9628
4042,Elly,Morocco,Killion Industries,Erie,Erie,PA,16502,814-393-5571
6463,Ilene,Eroman,Robinson,2853 S Central Expy,Glen Burnie,Anne Arundel,MD,21061
6467,Vallie,Mondella,Private Properties,Boise,Ada,ID,83707,208-862-5339
4325,Kallie,Blackwood,Rowley Schlimgen Inc,San Francisco,San Francisco,CA,94104,415-315-2761
6933,Johnetta,Abdallah,Forging Specialties,Chapel Hill,Orange,NC,27514,919-225-9345
9008,Bobbye,Rhym,Smits,30 W 80th St #1995,San Carlos,San Mateo,CA,94070
2820,Micaela,Rhymes,H Lee Leonard Attorney At Law,Concord,Contra Costa,CA,94520,925-647-3298
9449,Tamar,Hoogland,A K Construction Co,London,Madison,OH,43140,740-343-8575
7983,Moon,Parlato,Ambelang,74989 Brandon St,Wellsville,Allegany,NY,14895
6457,Laurel,Reitler,Q A Service,Baltimore,Baltimore City,MD,21215,410-520-4832
2280,Delisa,Crupi,Wood & Whitacre Contractors,Newark,Essex,NJ,7105,973-354-2040
1208,Viva,Toelkes,Mark Iv Press Ltd,Chicago,Cook,IL,60647,773-446-5569
9411,Elza,Lipke,Museum Of Science & Industry,Newark,Essex,NJ,7104,973-927-3447
7858,Devorah,Chickering,Garrison Ind,Clovis,Curry,NM,88101,505-975-8559
3824,Timothy,Mulqueen,Saronix Nymph Products,Staten Island,Richmond,NY,10309,718-332-6527
9961,Arlette,Honeywell,Smc Inc,Jacksonville,Duval,FL,32254,904-775-4480
6223,Dominque,Dickerson,E A I Electronic Assocs Inc,Hayward,Alameda,CA,94545,510-993-3758
5173,Lettie,Isenhower,Conte,70 W Main St,Beachwood,Cuyahoga,OH,44122
1833,Myra,Munns,Anker Law Office,Euless,Tarrant,TX,76040,817-914-7518
3818,Stephaine,Barfield,Beutelschies & Company,Gardena,Los Angeles,CA,90247,310-774-7643
2666,Lai,Gato,Fligg,37 Alabama Ave,Evanston,Cook,IL,60201
4356,Stephen,Emigh,Sharp,3777 E Richmond St #900,Akron,Summit,OH,44302
7425,Tyra,Shields,Assink,3 Fort Worth Ave,Philadelphia,Philadelphia,PA,19106
4943,Tammara,Wardrip,Jewel My Shop Inc,Burlingame,San Mateo,CA,94010,650-803-1936
6366,Cory,Gibes,Chinese Translation Resources,San Gabriel,Los Angeles,CA,91776,626-572-1096
1960,Danica,Bruschke,Stevens,840 15th Ave,Waco,McLennan,TX,76708
2444,Wilda,Giguere,Mclaughlin,1747 Calle Amanecer #2,Anchorage,Anchorage,AK,99501
2737,Elvera,Benimadho,Tree Musketeers,San Jose,Santa Clara,CA,95110,408-703-8505
9478,Carma,Vanheusen,Springfield Div Oh Edison Co,San Leandro,Alameda,CA,94577,510-503-7169
9406,Malinda,Hochard,Logan Memorial Hospital,Indianapolis,Marion,IN,46202,317-722-5066
9016,Natalie,Fern,Kelly,7140 University Ave,Rock Springs,Sweetwater,WY,82901
9006,Lisha,Centini,Industrial Paper Shredders Inc,Mc Lean,Fairfax,VA,22102,703-235-3937
4754,Arlene,Klusman,Beck Horizon Builders,New Orleans,Orleans,LA,70112,504-710-5840
6931,Alease,Buemi,Porto Cayo At Hawks Cay,Boulder,Boulder,CO,80303,303-301-4946
8461,Louisa,Cronauer,Pacific Grove Museum Ntrl Hist,San Leandro,Alameda,CA,94577,510-828-7047
5171,Angella,Cetta,Bender & Hatley Pc,Honolulu,Honolulu,HI,96817,808-892-7943
8058,Cyndy,Goldammer,Di Cristina J & Son,Burnsville,Dakota,MN,55337,952-334-9408
2845,Rosio,Cork,Green Goddess,High Point,Guilford,NC,27263,336-243-5659
7135,Celeste,Korando,American Arts & Graphics,Lynbrook,Nassau,NY,11563,516-509-2347
3822,Twana,Felger,Opryland Hotel,Portland,Washington,OR,97224,503-939-3153
8358,Estrella,Samu,Marking Devices Pubg Co,Beloit,Rock,WI,53511,608-976-7199
9545,Donte,Kines,W Tc Industries Inc,Worcester,Worcester,MA,1602,508-429-8576
9558,Tiffiny,Steffensmeier,Whitehall Robbins Labs Divsn,Miami,Miami-Dade,FL,33133,305-385-9695
6826,Edna,Miceli,Sampler,Erie,Erie,PA,16502,814-460-2655
8403,Sue,Kownacki,Juno Chefs Incorporated,Mesquite,Dallas,TX,75149,972-666-3413
1967,Jesusa,Shin,Carroccio,2239 Shawnee Mission Pky,Tullahoma,Coffee,TN,37388
8099,Rolland,Francescon,Stanley,2726 Charcot Ave,Paterson,Passaic,NJ,7501
2907,Pamella,Schmierer,K Cs Cstm Mouldings Windows,Homestead,Miami-Dade,FL,33030,305-420-8970
8990,Glory,Kulzer,Comfort Inn,Owings Mills,Baltimore,MD,21117,410-224-9462
7750,Shawna,Palaspas,Windsor,5 N Cleveland Massillon Rd,Thousand Oaks,Ventura,CA,91362
2684,Brandon,Callaro,Jackson Shields Yeiser,Honolulu,Honolulu,HI,96819,808-215-6832
7831,Scarlet,Cartan,Box,9390 S Howell Ave,Albany,Dougherty,GA,31701
7744,Oretha,Menter,Custom Engineering Inc,Boston,Suffolk,MA,2210,617-418-5043
9547,Ty,Smith,Bresler Eitel Framg Gllry Ltd,Hackensack,Bergen,NJ,7601,201-672-1553
5360,Xuan,Rochin,Carol,2 Monroe St,San Mateo,San Mateo,CA,94403
5151,Lindsey,Dilello,Biltmore Investors Bank,Ontario,San Bernardino,CA,91761,909-639-9887
5274,Devora,Perez,Desco Equipment Corp,Oakland,Alameda,CA,94606,510-955-3016
4032,Herman,Demesa,Merlin Electric Co,Troy,Rensselaer,NY,12180,518-497-2940
1194,Rory,Papasergi,Bailey Cntl Co Div Babcock,Clarks Summit,Lackawanna,PA,18411,570-867-7489
5588,Talia,Riopelle,Ford Brothers Wholesale Inc,Orange,Essex,NJ,7050,973-245-2133
2053,Van,Shire,Cambridge Inn,Pittstown,Hunterdon,NJ,8867,908-409-2890
9938,Lucina,Lary,Matricciani,8597 W National Ave,Cocoa,Brevard,FL,32922
9786,Bok,Isaacs,Nelson Hawaiian Ltd,Bronx,Bronx,NY,10468,718-809-3762
7955,Rolande,Spickerman,Neland Travel Agency,Pearl City,Honolulu,HI,96782,808-315-3077
7792,Howard,Paulas,Asendorf,866 34th Ave,Denver,Denver,CO,80231
9992,Kimbery,Madarang,Silberman,798 Lund Farm Way,Rockaway,Morris,NJ,7866
9425,Thurman,Manno,Honey Bee Breeding Genetics &,Absecon,Atlantic,NJ,8201,609-524-3586
6953,Becky,Mirafuentes,Wells Kravitz Schnitzer,Plainfield,Union,NJ,7062,908-877-8409
8576,Beatriz,Corrington,Prohab Rehabilitation Servs,Middleboro,Plymouth,MA,2346,508-584-4279
5214,Marti,Maybury,Eldridge,4 Warehouse Point Rd #7,Chicago,Cook,IL,60638
4358,Nieves,Gotter,Vlahos,4940 Pulaski Park Dr,Portland,Multnomah,OR,97202
8820,Leatha,Hagele,Ninas Indian Grs & Videos,Dallas,Dallas,TX,75227,214-339-1809
8831,Valentin,Klimek,Schmid,137 Pioneer Way,Chicago,Cook,IL,60604
7244,Melissa,Wiklund,Moapa Valley Federal Credit Un,Findlay,Hancock,OH,45840,419-939-3613
5694,Sheridan,Zane,Kentucky Tennessee Clay Co,Riverside,Riverside,CA,92501,951-645-3605
9318,Bulah,Padilla,Admiral Party Rentals & Sales,Waco,McLennan,TX,76707,254-463-4368
1372,Audra,Kohnert,Nelson,134 Lewis Rd,Nashville,Davidson,TN,37211
7053,Daren,Weirather,Panasystems,Milwaukee,Milwaukee,WI,53216,414-959-2540
6156,Fernanda,Jillson,Shank,60480 Old Us Highway 51,Preston,Caroline,MD,21655
8432,Gearldine,Gellinger,Megibow & Edwards,Irving,Dallas,TX,75061,972-934-6914
4293,Chau,Kitzman,Benoff,429 Tiger Ln,Beverly Hills,Los Angeles,CA,90212
8096,Theola,Frey,Woodbridge Free Public Library,Massapequa,Nassau,NY,11758,516-948-5768
2799,Cheryl,Haroldson,New York Life John Thune,Atlantic City,Atlantic,NJ,8401,609-518-7697
1066,Laticia,Merced,Alinabal Inc,Cincinnati,Hamilton,OH,45203,513-508-7371
1111,Carissa,Batman,Poletto,12270 Caton Center Dr,Eugene,Lane,OR,97401
6188,Lezlie,Craghead,Chang,749 W 18th St #45,Smithfield,Johnston,NC,27577
7613,Ozell,Shealy,Silver Bros Inc,New York,New York,NY,10002,212-332-8435
7222,Arminda,Parvis,Newtec Inc,Phoenix,Maricopa,AZ,85017,602-906-9419
3083,Reita,Leto,Creative Business Systems,Indianapolis,Marion,IN,46240,317-234-1135
7577,Yolando,Luczki,Dal Tile Corporation,Syracuse,Onondaga,NY,13214,315-304-4759
4032,Lizette,Stem,Edward S Katz,Cherry Hill,Camden,NJ,8002,856-487-5412
8496,Gregoria,Pawlowicz,Oh My Goodknits Inc,Garden City,Nassau,NY,11530,516-212-1915
2353,Carin,Deleo,Redeker,1844 Southern Blvd,Little Rock,Pulaski,AR,72202
4492,Chantell,Maynerich,Desert Sands Motel,Saint Paul,Ramsey,MN,55101,651-591-2583
2950,Dierdre,Yum,Cummins Southern Plains Inc,Philadelphia,Philadelphia,PA,19134,215-325-3042
4913,Larae,Gudroe,Lehigh Furn Divsn Lehigh,Houma,Terrebonne,LA,70360,985-890-7262
8278,Latrice,Tolfree,United Van Lines Agent,Ronkonkoma,Suffolk,NY,11779,631-957-7624
5866,Kerry,Theodorov,Capitol Reporters,Sacramento,Sacramento,CA,95827,916-591-3277
2927,Dorthy,Hidvegi,Kwik Kopy Printing,Boise,Ada,ID,83704,208-649-2373
8319,Fannie,Lungren,Centro Inc,Round Rock,Williamson,TX,78664,512-587-5746
8901,Evangelina,Radde,Campbell,992 Civic Center Dr,Philadelphia,Philadelphia,PA,19123
8420,Novella,Degroot,Evans,303 N Radcliffe St,Hilo,Hawaii,HI,96720
6297,Clay,Hoa,Scat Enterprises,Reno,Washoe,NV,89502,775-501-8109
1768,Jennifer,Fallick,Nagle,44 58th St,Wheeling,Cook,IL,60090
9124,Irma,Wolfgramm,Serendiquity Bed & Breakfast,Randolph,Morris,NJ,7869,973-545-7355
7227,Eun,Coody,Ray Carolyne Realty,Spartanburg,Spartanburg,SC,29301,864-256-3620
9665,Sylvia,Cousey,Berg,287 Youngstown Warren Rd,Hampstead,Carroll,MD,21074
2529,Nana,Wrinkles,Ray,6 Van Buren St,Mount Vernon,Westchester,NY,10553
6346,Layla,Springe,Chadds Ford Winery,New York,New York,NY,10011,212-260-3151
3053,Joesph,Degonia,A R Packaging,Berkeley,Alameda,CA,94710,510-677-9785
9459,Annabelle,Boord,Corn Popper,Concord,Middlesex,MA,1742,978-697-6263
7215,Stephaine,Vinning,Birite Foodservice Distr,San Francisco,San Francisco,CA,94104,415-767-6596
8976,Nelida,Sawchuk,Anchorage Museum Of Hist & Art,Paramus,Bergen,NJ,7652,201-971-1638
1144,Marguerita,Hiatt,Haber,82 N Highway 67,Oakley,Contra Costa,CA,94561
8310,Carmela,Cookey,Royal Pontiac Olds Inc,Chicago,Cook,IL,60623,773-494-4195
8799,Junita,Brideau,Leonards Antiques Inc,Cedar Grove,Essex,NJ,7009,973-943-3423
4256,Claribel,Varriano,Meca,Perrysburg,Wood,OH,43551,419-544-4900
8860,Benton,Skursky,Nercon Engineering & Mfg Inc,Gardena,Los Angeles,CA,90248,310-579-2907
7918,Hillary,Skulski,Replica I,Homosassa,Citrus,FL,34448,352-242-2570
8262,Merilyn,Bayless,20 20 Printing Inc,Santa Clara,Santa Clara,CA,95054,408-758-5015
1622,Teri,Ennaco,Publishers Group West,Hazleton,Luzerne,PA,18201,570-889-5187
3443,Merlyn,Lawler,Nischwitz,4671 Alemany Blvd,Jersey City,Hudson,NJ,7304
1297,Georgene,Montezuma,Payne Blades & Wellborn Pa,San Ramon,Contra Costa,CA,94583,925-615-5185
9279,Jettie,Mconnell,Coldwell Bnkr Wright Real Est,Bridgewater,Somerset,NJ,8807,908-802-3564
8341,Lemuel,Latzke,Computer Repair Service,Bohemia,Suffolk,NY,11716,631-748-6479
1673,Melodie,Knipp,Fleetwood Building Block Inc,Thousand Oaks,Ventura,CA,91362,805-690-1682
5542,Candida,Corbley,Colts Neck Medical Assocs Inc,Somerville,Somerset,NJ,8876,908-275-8357
6610,Karan,Karpin,New England Taxidermy,Beaverton,Washington,OR,97005,503-940-8327
2715,Andra,Scheyer,Ludcke,9 Church St,Salem,Marion,OR,97302
2604,Felicidad,Poullion,Mccorkle,9939 N 14th St,Riverton,Burlington,NJ,8077
5015,Belen,Strassner,Eagle Software Inc,Douglasville,Douglas,GA,30135,770-507-8791
7306,Gracia,Melnyk,Juvenile & Adult Super,Jacksonville,Duval,FL,32216,904-235-3633
2019,Jolanda,Hanafan,Perez,37855 Nolan Rd,Bangor,Penobscot,ME,4401
1126,Barrett,Toyama,Case Foundation Co,Kennedale,Tarrant,TX,76060,817-765-5781
5792,Helga,Fredicks,Eis Environmental Engrs Inc,Buffalo,Erie,NY,14228,716-752-4114
4323,Ashlyn,Pinilla,Art Crafters,Opa Locka,Miami-Dade,FL,33054,305-670-9628
1959,Fausto,Agramonte,Marriott Hotels Resorts Suites,New York,New York,NY,10038,212-313-1783
8929,Ronny,Caiafa,Remaco Inc,Philadelphia,Philadelphia,PA,19103,215-605-7570
6483,Marge,Limmel,Bjork,189 Village Park Rd,Crestview,Okaloosa,FL,32536
4676,Norah,Waymire,Carmichael,6 Middlegate Rd #106,San Francisco,San Francisco,CA,94107
1933,Aliza,Baltimore,Andrews,1128 Delaware St,San Jose,Santa Clara,CA,95132
2026,Mozell,Pelkowski,Winship & Byrne,South San Francisco,San Mateo,CA,94080,650-947-1215
4794,Viola,Bitsuie,Burton & Davis,Northridge,Los Angeles,CA,91325,818-864-4875
8917,Franklyn,Emard,Olympic Graphic Arts,Philadelphia,Philadelphia,PA,19103,215-558-8189
8924,Willodean,Konopacki,Magnuson,Lafayette,Lafayette,LA,70506,337-253-8384
7044,Beckie,Silvestrini,A All American Travel Inc,Dearborn,Wayne,MI,48126,313-533-4884
2619,Rebecka,Gesick,Polykote Inc,Austin,Travis,TX,78754,512-213-8574
6109,Frederica,Blunk,Jets Cybernetics,Dallas,Dallas,TX,75207,214-428-2285
3269,Glen,Bartolet,Metlab Testing Services,Vashon,King,WA,98070,206-697-5796
2623,Freeman,Gochal,Kellermann,383 Gunderman Rd #197,Coatesville,Chester,PA,19320
1872,Vincent,Meinerding,Arturi,4441 Point Term Mkt,Philadelphia,Philadelphia,PA,19143
7672,Rima,Bevelacqua,Mcauley Mfg Co,Gardena,Los Angeles,CA,90248,310-858-5079
1799,Glendora,Sarbacher,Defur Voran Hanley Radcliff,Rohnert Park,Sonoma,CA,94928,707-653-8214
4212,Avery,Steier,Dill Dill Carr & Stonbraker Pc,Orlando,Orange,FL,32803,407-808-9439
5378,Cristy,Lother,Kleensteel,Escondido,San Diego,CA,92025,760-971-4322
8772,Nicolette,Brossart,Goulds Pumps Inc Slurry Pump,Westborough,Worcester,MA,1581,508-837-9230
4261,Tracey,Modzelewski,Kansas City Insurance Report,Conroe,Montgomery,TX,77301,936-264-9294
2349,Virgina,Tegarden,Berhanu International Foods,Milwaukee,Milwaukee,WI,53226,414-214-8697
8372,Tiera,Frankel,Roland Ashcroft,El Monte,Los Angeles,CA,91731,626-636-4117
4802,Alaine,Bergesen,Hispanic Magazine,Yonkers,Westchester,NY,10701,914-300-9193
8469,Earleen,Mai,Little Sheet Metal Co,Dallas,Dallas,TX,75227,214-289-1973
6488,Leonida,Gobern,Holmes,5 Elmwood Park Blvd,Biloxi,Harrison,MS,39530
2694,Ressie,Auffrey,Faw,23 Palo Alto Sq,Miami,Miami-Dade,FL,33134
1275,Justine,Mugnolo,Evans Rule Company,New York,New York,NY,10048,212-304-9225
8843,Eladia,Saulter,Tyee Productions Inc,Ramsey,Bergen,NJ,7446,201-474-4924
7224,Chaya,Malvin,Dunnells & Duvall,Ann Arbor,Washtenaw,MI,48103,734-928-5182
7252,Gwenn,Suffield,Deltam Systems Inc,Deer Park,Suffolk,NY,11729,631-258-6558
6110,Salena,Karpel,Hammill Mfg Co,Canton,Stark,OH,44707,330-791-8557
3975,Yoko,Fishburne,Sams Corner Store,New Haven,New Haven,CT,6511,203-506-4706
9444,Taryn,Moyd,Siskin,48 Lenox St,Fairfax,Fairfax City,VA,22030
2698,Katina,Polidori,Cape & Associates Real Estate,Wilmington,Middlesex,MA,1887,978-626-2978
4830,Rickie,Plumer,Merrill Lynch,Toledo,Lucas,OH,43613,419-693-1334
3912,Alex,Loader,Sublett,37 N Elm St #916,Tacoma,Pierce,WA,98409
8502,Lashon,Vizarro,Sentry Signs,Roseville,Placer,CA,95661,916-741-7884
1423,Lauran,Burnard,Professionals Unlimited,Riverton,Fremont,WY,82501,307-342-7795
8551,Ceola,Setter,Southern Steel Shelving Co,Warren,Knox,ME,4864,207-627-7565
9915,My,Rantanen,Bosco,8 Mcarthur Ln,Richboro,Bucks,PA,18954
5668,Lorrine,Worlds,Longo,8 Fair Lawn Ave,Tampa,Hillsborough,FL,33614
3184,Peggie,Sturiale,Henry County Middle School,El Cajon,San Diego,CA,92020,619-608-1763
2804,Marvel,Raymo,Edison Supply & Equipment Co,College Station,Brazos,TX,77840,979-718-8968
4650,Daron,Dinos,Wolf,18 Waterloo Geneva Rd,Highland Park,Lake,IL,60035
2235,An,Fritz,Linguistic Systems Inc,Atlantic City,Atlantic,NJ,8401,609-228-5265
7463,Portia,Stimmel,Peace Christian Center,Bridgewater,Somerset,NJ,8807,908-722-7128
5728,Rhea,Aredondo,Double B Foods Inc,Brooklyn,Kings,NY,11226,718-560-9537
6242,Benedict,Sama,Alexander & Alexander Inc,Saint Louis,Saint Louis City,MO,63104,314-787-1588
9565,Alyce,Arias,Fairbanks Scales,Stockton,San Joaquin,CA,95207,209-317-1801
7564,Heike,Berganza,Cali Sportswear Cutting Dept,Little Falls,Passaic,NJ,7424,973-936-5095
4715,Carey,Dopico,Garofani,87393 E Highland Rd,Indianapolis,Marion,IN,46220
7685,Dottie,Hellickson,Thompson Fabricating Co,Seattle,King,WA,98133,206-540-6076
7989,Deandrea,Hughey,Century 21 Krall Real Estate,Burlington,Alamance,NC,27215,336-822-7652
1644,Kimberlie,Duenas,Mid Contntl Rlty & Prop Mgmt,Hays,Ellis,KS,67601,785-629-8542
6015,Martina,Staback,Ace Signs Inc,Orlando,Orange,FL,32822,407-471-6908
2256,Skye,Fillingim,Rodeway Inn,Minneapolis,Hennepin,MN,55401,612-508-2655
2918,Jade,Farrar,Bonnet & Daughter,Columbia,Richland,SC,29201,803-352-5387
8879,Charlene,Hamilton,Oshins & Gibbons,Santa Rosa,Sonoma,CA,95407,707-300-1771
1656,Geoffrey,Acey,Price Business Services,Palatine,Cook,IL,60067,847-222-1734
9358,Stevie,Westerbeck,Wise,26659 N 13th St,Costa Mesa,Orange,CA,92626
5342,Pamella,Fortino,Super 8 Motel,Denver,Denver,CO,80212,303-404-2210
2931,Harrison,Haufler,John Wagner Associates,New Haven,New Haven,CT,6515,203-801-6193
1419,Johnna,Engelberg,Thrifty Oil Co,Bothell,Snohomish,WA,98021,425-986-7573
4601,Buddy,Cloney,Larkfield Photo,Strongsville,Cuyahoga,OH,44136,440-989-5826
7965,Dalene,Riden,Silverman Planetarium,Plaistow,Rockingham,NH,3865,603-315-6839
6424,Jerry,Zurcher,J & F Lumber,Satellite Beach,Brevard,FL,32937,321-518-5938
5530,Haydee,Denooyer,Cleaning Station Inc,New York,New York,NY,10016,212-792-8658
6358,Joseph,Cryer,Ames Stationers,Huntington Beach,Orange,CA,92647,714-584-2237
9027,Deonna,Kippley,Midas Muffler Shops,Southfield,Oakland,MI,48075,248-913-4677
2026,Raymon,Calvaresi,Seaboard Securities Inc,Indianapolis,Marion,IN,46222,317-825-4724
4761,Alecia,Bubash,Petersen,6535 Joyce St,Wichita Falls,Wichita,TX,76301
7033,Ma,Layous,Development Authority,North Haven,New Haven,CT,6473,203-721-3388
8339,Detra,Coyier,Schott Fiber Optics Inc,Aberdeen,Harford,MD,21001,410-739-9277
8617,Terrilyn,Rodeigues,Stuart J Agins,New Orleans,Orleans,LA,70130,504-463-4384
8197,Salome,Lacovara,Mitsumi Electronics Corp,Richmond,Richmond City,VA,23219,804-550-5097
6766,Garry,Keetch,Italian Express Franchise Corp,Southampton,Bucks,PA,18966,215-979-8776
7554,Matthew,Neither,American Council On Sci & Hlth,Shakopee,Scott,MN,55379,952-651-7597
9573,Theodora,Restrepo,Kleri,42744 Hamann Industrial Pky #82,Miami,Miami-Dade,FL,33136
5073,Noah,Kalafatis,Twiggs Abrams Blanchard,Milwaukee,Milwaukee,WI,53209,414-263-5287
1334,Carmen,Sweigard,Maui Research & Technology Pk,Somerset,Somerset,NJ,8873,732-941-2621
3055,Lavonda,Hengel,Bradley Nameplate Corp,Fargo,Cass,ND,58102,701-898-2154
1144,Junita,Stoltzman,Geonex Martel Inc,Carson City,Carson City,NV,89701,775-638-9963
3892,Herminia,Nicolozakes,Sea Island Div Of Fstr Ind Inc,Scottsdale,Maricopa,AZ,85254,602-954-5141
1208,Casie,Good,Papay,5221 Bear Valley Rd,Nashville,Davidson,TN,37211
9973,Reena,Maisto,Lane Promotions,Salisbury,Wicomico,MD,21801,410-351-1863
6838,Mirta,Mallett,Stephen Kennerly Archts Inc Pc,New York,New York,NY,10004,212-870-1286
3573,Cathrine,Pontoriero,Business Systems Of Wis Inc,Amarillo,Randall,TX,79109,806-703-1435
5852,Filiberto,Tawil,Flash,3882 W Congress St #799,Los Angeles,Los Angeles,CA,90016
7791,Raul,Upthegrove,Neeley,4 E Colonial Dr,La Mesa,San Diego,CA,91942
7068,Sarah,Candlish,Alabama Educational Tv Comm,Atlanta,Fulton,GA,30328,770-732-1194
3258,Lucy,Treston,Franz Inc,Worcester,Worcester,MA,1602,508-769-5250
5510,Judy,Aquas,Plantation Restaurant,Niles,Berrien,MI,49120,269-756-7222
6656,Yvonne,Tjepkema,Radio Communications Co,Fairfield,Essex,NJ,7004,973-714-1721
4102,Kayleigh,Lace,Dentalaw Divsn Hlth Care,Lafayette,Lafayette,LA,70508,337-740-9323
6666,Felix,Hirpara,American Speedy Printing Ctrs,Denver,Lancaster,PA,17517,717-491-5643
4957,Tresa,Sweely,Grayson,22 Bridle Ln,Valley Park,Saint Louis,MO,63088
7049,Kristeen,Turinetti,Jeanerette Middle School,Arlington,Tarrant,TX,76013,817-213-8851
4858,Jenelle,Regusters,Haavisto,3211 E Northeast Loop,Tampa,Hillsborough,FL,33619
5733,Renea,Monterrubio,Wmmt Radio Station,Atlanta,Fulton,GA,30328,770-679-4752
8081,Olive,Matuszak,Colony Paints Sales Ofc & Plnt,Cathedral City,Riverside,CA,92234,760-938-6069
6476,Ligia,Reiber,Floral Expressions,Lansing,Ingham,MI,48933,517-906-1108
7657,Christiane,Eschberger,Casco Services Inc,Phoenix,Maricopa,AZ,85034,602-390-4944
2972,Goldie,Schirpke,Reuter,34 Saint George Ave #2,Bangor,Penobscot,ME,4401
9785,Loreta,Timenez,Kaminski,47857 Coney Island Ave,Clinton,Prince Georges,MD,20735
2637,Fabiola,Hauenstein,Sidewinder Products Corp,York,York,PA,17404,717-809-3119
6180,Amie,Perigo,General Foam Corporation,Mesquite,Dallas,TX,75150,972-419-7946
5728,Raina,Brachle,Ikg Borden Divsn Harsco Corp,Butte,Silver Bow,MT,59701,406-318-1515
5737,Erinn,Canlas,Anchor Computer Inc,Livingston,Essex,NJ,7039,973-767-3008
5578,Cherry,Lietz,Sebring & Co,Waterford,Oakland,MI,48329,248-980-6904
1593,Kattie,Vonasek,H A C Farm Lines Co Optv Assoc,Cleveland,Cuyahoga,OH,44103,216-923-3715
8970,Lilli,Scriven,Hunter,33 State St,Abilene,Taylor,TX,79601
4327,Whitley,Tomasulo,Freehold Fence Co,Fort Worth,Tarrant,TX,76107,817-526-4408
2089,Barbra,Adkin,Binswanger,Brooklyn,Kings,NY,11230,718-201-3751
9987,Hermila,Thyberg,Chilton Malting Co,Providence,Providence,RI,2903,401-893-4882
7815,Jesusita,Flister,Schoen,3943 N Highland Ave,Lancaster,Lancaster,PA,17601
9590,Caitlin,Julia,Helderman,5 Williams St,Johnston,Providence,RI,2919
4186,Roosevelt,Hoffis,Denbrook,60 Old Dover Rd,Hialeah,Miami-Dade,FL,33014
4210,Helaine,Halter,Lippitt,8 Sheridan Rd,Jersey City,Hudson,NJ,7304
4855,Lorean,Martabano,Hiram,85092 Southern Blvd,San Antonio,Bexar,TX,78204
8053,France,Buzick,In Travel Agency,Brooklyn,Kings,NY,11219,718-478-8504
4982,Justine,Ferrario,Newhart Foods Inc,Pomona,Los Angeles,CA,91768,909-993-3242
1893,Adelina,Nabours,Courtyard By Marriott,Cleveland,Cuyahoga,OH,44103,216-230-4892
3400,Derick,Dhamer,Studer,87163 N Main Ave,New York,New York,NY,10013
4973,Jerry,Dallen,Seashore Supply Co Waretown,Richmond,Richmond City,VA,23219,804-762-9576
9959,Leota,Ragel,Mayar Silk Inc,Trion,Chattooga,GA,30753,706-221-4243
8628,Jutta,Amyot,National Medical Excess Corp,Broussard,Lafayette,LA,70518,337-515-1438
5886,Aja,Gehrett,Stero Company,Nutley,Essex,NJ,7110,973-544-2677
7097,Kirk,Herritt,Hasting,88 15th Ave Ne,Vestal,Broome,NY,13850
9531,Leonora,Mauson,Insty Prints,Passaic,Passaic,NJ,7055,973-412-2995
6404,Winfred,Brucato,Glenridge Manor Mobile Home Pk,Moscow,Latah,ID,83843,208-252-4552
3092,Tarra,Nachor,Circuit Solution Inc,San Francisco,San Francisco,CA,94104,415-411-1775
2070,Corinne,Loder,Local Office,North Attleboro,Bristol,MA,2760,508-942-4186
5516,Dulce,Labreche,Lee Kilkelly Paulson & Kabaker,Rochester,Oakland,MI,48307,248-357-8718
5939,Kate,Keneipp,Davis,33 N Michigan Ave,Green Bay,Brown,WI,54301
8221,Kaitlyn,Ogg,Garrison,2 S Biscayne Blvd,Baltimore,Baltimore City,MD,21230
4704,Sherita,Saras,Black History Resource Center,Colorado Springs,El Paso,CO,80937,719-669-1664
5280,Lashawnda,Stuer,Rodriguez,7422 Martin Ave #8,Toledo,Lucas,OH,43607
4332,Ernest,Syrop,Grant Family Health Center,Hyattsville,Prince Georges,MD,20785,301-998-9644
1243,Nobuko,Halsey,Goeman Wood Products Inc,New Bedford,Bristol,MA,2745,508-855-9887
9978,Lavonna,Wolny,Linhares,5 Cabot Rd,Mc Lean,Fairfax,VA,22102
7888,Lashaunda,Lizama,Earnhardt Printing,Hanover,Anne Arundel,MD,21076,410-678-2473
4779,Mariann,Bilden,H P G Industrys Inc,Austin,Travis,TX,78753,512-223-4791
6147,Helene,Rodenberger,Bailey Transportation Prod Inc,Peoria,Maricopa,AZ,85381,623-461-8551
3015,Roselle,Estell,Mcglynn Bliss Pc,Bucyrus,Crawford,OH,44820,419-571-5920
3176,Samira,Heintzman,Mutual Fish Co,Kent,King,WA,98032,206-311-4137
4682,Margart,Meisel,Yeates,868 State St #38,Cincinnati,Hamilton,OH,45251
7972,Kristofer,Bennick,Logan,772 W River Dr,Bloomington,Monroe,IN,47404
3817,Weldon,Acuff,Advantage Martgage Company,Arlington Heights,Cook,IL,60004,847-353-2156
3659,Shalon,Shadrick,Germer And Gertz Llp,Brooklyn,Kings,NY,11223,718-232-2337
6010,Denise,Patak,Spence Law Offices,Orlando,Orange,FL,32801,407-446-4358
2866,Louvenia,Beech,John Ortiz Nts Therapy Center,Beverly Hills,Los Angeles,CA,90210,310-820-2117
5451,Audry,Yaw,Mike Uchrin Htg & Air Cond Inc,Brandon,Hillsborough,FL,33511,813-797-4816
5685,Kristel,Ehmann,Mccoy,92899 Kalakaua Ave,El Paso,El Paso,TX,79925
2093,Vincenza,Zepp,Kbor 1600 Am,El Cajon,San Diego,CA,92020,619-603-5125
8845,Elouise,Gwalthney,Quality Inn Northwest,Bladensburg,Prince Georges,MD,20710,301-841-5012
1048,Venita,Maillard,Wallace Church Assoc Inc,Anaheim,Orange,CA,92801,714-523-6653
9190,Kasandra,Semidey,Can Tron,Saint Louis,Saint Louis City,MO,63102,314-732-9131
8025,Xochitl,Discipio,Ravaal Enterprises Inc,Round Rock,Williamson,TX,78664,512-233-1831
6782,Maile,Linahan,Thompson Steel Company Inc,Greensboro,Guilford,NC,27409,336-670-2640
7829,Krissy,Rauser,Anderson,8728 S Broad St,Coram,Suffolk,NY,11727
8343,Pete,Dubaldi,Womack & Galich,Lyndhurst,Bergen,NJ,7071,201-825-2514
7997,Linn,Paa,Valerie & Company,Memphis,Shelby,TN,38112,901-412-4381
3712,Paris,Wide,Gehring Pumps Inc,Atlanta,Fulton,GA,30342,404-505-4445
4071,Wynell,Dorshorst,Haehnel,94290 S Buchanan St,Pacifica,San Mateo,CA,94044
4718,Quentin,Birkner,Spoor Behrins Campbell & Young,Burnsville,Dakota,MN,55337,952-702-7993
2952,Regenia,Kannady,Ken Jeter Store Equipment Inc,Scottsdale,Maricopa,AZ,85260,480-726-1280
1039,Sheron,Louissant,Potter,97 E 3rd St #9,Long Island City,Queens,NY,11101
8970,Izetta,Funnell,Baird Kurtz & Dobson,Atlanta,Dekalb,GA,30340,770-844-3447
3570,Rodolfo,Butzen,Minor,41 Steel Ct,Northfield,Rice,MN,55057
7779,Zona,Colla,Solove,49440 Dearborn St,Norwalk,Fairfield,CT,6854
8053,Serina,Zagen,Mark Ii Imports Inc,Fort Wayne,Allen,IN,46802,260-273-3725
4521,Paz,Sahagun,White Sign Div Ctrl Equip Co,Meridian,Lauderdale,MS,39307,601-927-8287
2576,Markus,Lukasik,M & M Store Fixtures Co Inc,Sterling Heights,Macomb,MI,48310,586-970-7380
3370,Jaclyn,Bachman,Judah Caster & Wheel Co,Colorado Springs,El Paso,CO,80919,719-853-3600
5781,Cyril,Daufeldt,Galaxy International Inc,New York,New York,NY,10013,212-745-8484
8645,Gayla,Schnitzler,Sigma Corp Of America,Hayward,Alameda,CA,94545,510-686-3407
5840,Erick,Nievas,Soward,45 E Acacia Ct,Chicago,Cook,IL,60624
3122,Jennie,Drymon,Osborne,63728 Poway Rd #1,Scranton,Lackawanna,PA,18509
6732,Mitsue,Scipione,Students In Free Entrprs Natl,Oroville,Butte,CA,95965,530-986-9272
8497,Ciara,Ventura,Johnson,53 W Carey St,Port Jervis,Orange,NY,12771
6387,Galen,Cantres,Del Charro Apartments,Brook Park,Cuyahoga,OH,44142,216-600-6111
9204,Truman,Feichtner,Legal Search Inc,Bloomfield,Essex,NJ,7003,973-852-2736
5615,Gail,Kitty,Service Supply Co Inc,Anchorage,Anchorage,AK,99501,907-435-9166
7752,Dalene,Schoeneck,Sameshima,910 Rahway Ave,Philadelphia,Philadelphia,PA,19102
9160,Gertude,Witten,Thompson,7 Tarrytown Rd,Cincinnati,Hamilton,OH,45217
1846,Lizbeth,Kohl,E T Balancing Co Inc,Gardena,Los Angeles,CA,90248,310-699-1222
9567,Glenn,Berray,Griswold,29 Cherry St #7073,Des Moines,Polk,IA,50315
4197,Lashandra,Klang,Acqua Group,King of Prussia,Montgomery,PA,19406,610-809-1818
3966,Lenna,Newville,Brooks,987 Main St,Raleigh,Wake,NC,27601
9190,Laurel,Pagliuca,Printing Images Corp,Richland,Benton,WA,99352,509-695-5199
3129,Mireya,Frerking,Roberts Supply Co Inc,Pelham,Westchester,NY,10803,914-868-5965
8437,Annelle,Tagala,Vico Products Mfg Co,Parkville,Baltimore,MD,21234,410-757-1035
5083,Dean,Ketelsen,J M Custom Design Millwork,Hicksville,Nassau,NY,11801,516-847-4418
6193,Levi,Munis,Farrell & Johnson Office Equip,Worcester,Worcester,MA,1603,508-456-4907
6510,Sylvie,Ryser,Millers Market & Deli,Tulsa,Tulsa,OK,74105,918-644-9555
7981,Sharee,Maile,Holiday Inn Naperville,Muskegon,Muskegon,MI,49442,231-467-9978
7408,Cordelia,Storment,Burrows,393 Hammond Dr,Lafayette,Lafayette,LA,70506
5129,Mollie,Mcdoniel,Dock Seal Specialty,Bowling Green,Wood,OH,43402,419-975-3182
4294,Brett,Mccullan,Five Star Limousines Of Tx Inc,La Mesa,San Diego,CA,91942,619-461-9984
8305,Teddy,Pedrozo,Barkan,46314 Route 130,Bridgeport,Fairfield,CT,6610
3667,Tasia,Andreason,Campbell,4 Cowesett Ave,Kearny,Hudson,NJ,7032
4613,Hubert,Walthall,Dee,95 Main Ave #2,Barberton,Summit,OH,44203
4784,Arthur,Farrow,Young,28 S 7th St #2824,Englewood,Bergen,NJ,7631
2225,Vilma,Berlanga,Wells,79 S Howell Ave,Grand Rapids,Kent,MI,49546
7722,Billye,Miro,Gray,36 Lancaster Dr Se,Pearl,Rankin,MS,39208
4054,Glenna,Slayton,Toledo Iv Care,Memphis,Shelby,TN,38118,901-640-9178
8502,Mitzie,Hudnall,Cangro Transmission Co,Englewood,Arapahoe,CO,80110,303-402-1940
3326,Bernardine,Rodefer,Sat Poly Inc,Memphis,Shelby,TN,38112,901-901-4726
1240,Staci,Schmaltz,Midwest Contracting & Mfg Inc,Pasadena,Los Angeles,CA,91106,626-866-2339
6499,Nichelle,Meteer,Print Doctor,Chicago,Cook,IL,60657,773-225-9985
4694,Janine,Rhoden,Nordic Group Inc,Astoria,Queens,NY,11103,718-228-5894
5718,Ettie,Hoopengardner,Jackson Millwork Co,Richland,Benton,WA,99352,509-755-5393
6008,Eden,Jayson,Harris Corporation,Baltimore,Baltimore City,MD,21202,410-890-7866
8799,Lynelle,Auber,United Cerebral Palsy Of Ne Pa,Newark,Essex,NJ,7104,973-860-8610
5635,Merissa,Tomblin,One Day Surgery Center Inc,Bellflower,Los Angeles,CA,90706,562-579-6900
7107,Golda,Kaniecki,Calaveras Prospect,Toms River,Ocean,NJ,8755,732-628-9909
1719,Catarina,Gleich,Terk,78 Maryland Dr #146,Denville,Morris,NJ,7834
4182,Virgie,Kiel,Cullen,76598 Rd  I 95 #1,Denver,Denver,CO,80216
1953,Jolene,Ostolaza,Central Die Casting Mfg Co Inc,Newport News,Newport News City,VA,23608,757-682-7116
9176,Keneth,Borgman,Centerline Engineering,Phoenix,Maricopa,AZ,85012,602-919-4211
1165,Rikki,Nayar,Targan & Kievit Pa,Miami,Miami-Dade,FL,33155,305-968-9487
4130,Elke,Sengbusch,Riley Riper Hollin & Colagreco,Phoenix,Maricopa,AZ,85013,602-896-2993
4242,Hoa,Sarao,Kaplan,27846 Lafayette Ave,Oak Hill,Volusia,FL,32759
4242,Trinidad,Mcrae,Water Office,San Francisco,San Francisco,CA,94105,415-331-9634
8120,Mari,Lueckenbach,Westbrooks,1 Century Park E,San Diego,San Diego,CA,92110
3456,Selma,Husser,Armon Communications,Jersey City,Hudson,NJ,7306,201-991-8369
9878,Antione,Onofrio,Jacobs & Gerber Inc,San Bernardino,San Bernardino,CA,92410,909-430-7765
5008,Luisa,Jurney,Forest Fire Laboratory,Cambridge,Middlesex,MA,2138,617-365-2134
8841,Clorinda,Heimann,Haughey,105 Richmond Valley Rd,Escondido,San Diego,CA,92025
3913,Dick,Wenzinger,Wheaton Plastic Products,Gardena,Los Angeles,CA,90248,310-510-9713
1531,Ahmed,Angalich,Reese Plastics,Harrisburg,Dauphin,PA,17110,717-528-8996
8315,Iluminada,Ohms,Nazette Marner Good Wendt,Mesa,Maricopa,AZ,85204,480-293-2882
7709,Joanna,Leinenbach,Levinson Axelrod Wheaton,Lake Worth,Palm Beach,FL,33461,561-470-4574
7211,Caprice,Suell,Egnor,90177 N 55th Ave,Nashville,Davidson,TN,37211
6192,Stephane,Myricks,Portland Central Thriftlodge,Burlington,Boone,KY,41005,859-717-7638
5798,Quentin,Swayze,Ulbrich Trucking,Milan,Monroe,MI,48160,734-561-6170
1206,Annmarie,Castros,Tipiak Inc,Conroe,Montgomery,TX,77301,936-751-7961
3412,Shonda,Greenbush,Saint George Well Drilling,Clifton,Passaic,NJ,7011,973-482-2430
4966,Cecil,Lapage,Hawkes,4 Stovall St #72,Union City,Hudson,NJ,7087
5335,Jeanice,Claucherty,Accurel Systems Intrntl Corp,Miami,Miami-Dade,FL,33142,305-988-4162
6281,Josphine,Villanueva,Santa Cruz Community Internet,Moss,Clay,TN,38575,931-553-9774
2152,Daniel,Perruzza,Gersh & Danielson,Santa Ana,Orange,CA,92705,714-771-3880
7272,Cassi,Wildfong,Cobb,26849 Jefferson Hwy,Rolling Meadows,Cook,IL,60008
4707,Britt,Galam,Wheatley Trucking Company,Hatfield,Montgomery,PA,19440,215-888-3304
6217,Adell,Lipkin,Systems Graph Inc Ab Dick Dlr,Whippany,Morris,NJ,7981,973-654-1561
6319,Jacqueline,Rowling,John Hancock Mutl Life Ins Co,Erie,Erie,PA,16501,814-865-8113
9269,Lonny,Weglarz,History Division Of State,Salt Lake City,Salt Lake,UT,84115,801-293-9853
4964,Lonna,Diestel,Dimmock,1482 College Ave,Fayetteville,Cumberland,NC,28301
1987,Cristal,Samara,Intermed Inc,Los Angeles,Los Angeles,CA,90021,213-975-8026
5671,Kenneth,Grenet,Bank Of New York,East Lansing,Ingham,MI,48823,517-499-2322
6843,Elli,Mclaird,Sportmaster Intrnatl,Utica,Oneida,NY,13501,315-818-2638
1862,Alline,Jeanty,W W John Holden Inc,South Bend,St Joseph,IN,46601,574-656-2800
1612,Sharika,Eanes,Maccani & Delp,Orlando,Orange,FL,32806,407-312-1691
5763,Nu,Mcnease,Amazonia Film Project,Harrison,Hudson,NJ,7029,973-751-9003
8720,Daniela,Comnick,Water & Sewer Department,Trenton,Mercer,NJ,8611,609-200-8577
8569,Cecilia,Colaizzo,Switchcraft Inc,Madison,Dane,WI,53717,608-382-4541
4062,Leslie,Threets,C W D C Metal Fabricators,Katonah,Westchester,NY,10536,914-861-9748
8098,Nan,Koppinger,Shimotani,88827 Frankford Ave,Greensboro,Guilford,NC,27401
5424,Izetta,Dewar,Lisatoni,2 W Scyene Rd #3,Baltimore,Baltimore City,MD,21217
6282,Tegan,Arceo,Ceramic Tile Sales Inc,Monroe Township,Middlesex,NJ,8831,732-730-2692
7748,Ruthann,Keener,Maiden Craft Inc,Kerrville,Kerr,TX,78028,830-258-2769
4803,Joni,Breland,Carriage House Cllsn Rpr Inc,Elk Grove Village,Cook,IL,60007,847-519-5906
6012,Vi,Rentfro,Video Workshop,Freehold,Monmouth,NJ,7728,732-605-4781
1606,Colette,Kardas,Fresno Tile Center Inc,Omaha,Douglas,NE,68124,402-896-5943
1348,Malcolm,Tromblay,Versatile Sash & Woodwork,Annandale,Fairfax,VA,22003,703-221-5602
9882,Ryan,Harnos,Warner Electric Brk & Cltch Co,Plano,Collin,TX,75075,972-558-1665
1998,Jess,Chaffins,New York Public Library,New York,New York,NY,10016,212-510-4633
1270,Sharen,Bourbon,Mccaleb,62 W Austin St,Syosset,Nassau,NY,11791
3008,Nickolas,Juvera,United Oil Co Inc,Crystal River,Citrus,FL,34429,352-598-8301
6452,Gary,Nunlee,Irving Foot Center,Fortville,Hancock,IN,46040,317-542-6023
6388,Diane,Devreese,Acme Supply Co,Saint Joseph,Buchanan,MO,64504,816-557-9673
5894,Roslyn,Chavous,Mcrae,63517 Dupont St,Jackson,Hinds,MS,39211
1260,Glory,Schieler,Mcgraths Seafood,Abilene,Taylor,TX,79602,325-869-2649
7524,Rasheeda,Sayaphon,Kummerer,251 Park Ave #979,Saratoga,Santa Clara,CA,95070
8580,Alpha,Palaia,Stoffer,43496 Commercial Dr #29,Cherry Hill,Camden,NJ,8003
3096,Refugia,Jacobos,North Central Fl Sfty Cncl,Hayward,Alameda,CA,94545,510-974-8671
2943,Shawnda,Yori,Fiorucci Foods Usa Inc,Longwood,Seminole,FL,32750,407-538-5106
8148,Mona,Delasancha,Sign All,Cheyenne,Laramie,WY,82001,307-403-1488
1061,Gilma,Liukko,Sammys Steak Den,Garden City,Nassau,NY,11530,516-393-9967
7087,Janey,Gabisi,Dobscha,40 Cambridge Ave,Madison,Dane,WI,53715
5582,Lili,Paskin,Morgan Custom Homes,Kearny,Hudson,NJ,7032,201-431-2989
4286,Loren,Asar,Olsen Payne & Company,Old Forge,Lackawanna,PA,18518,570-648-3035
7119,Dorothy,Chesterfield,Cowan & Kelly,San Diego,San Diego,CA,92126,858-617-7834
3927,Gail,Similton,Johnson,62 Monroe St,Thousand Palms,Riverside,CA,92276
2802,Catalina,Tillotson,Icn Pharmaceuticals Inc,Margate City,Atlantic,NJ,8402,609-373-3332
9793,Lawrence,Lorens,New England Sec Equip Co Inc,Providence,Providence,RI,2906,401-465-6432
1471,Carlee,Boulter,Tippett,8284 Hart St,Abilene,Dickinson,KS,67410
9541,Thaddeus,Ankeny,Atc Contracting,Roseville,Placer,CA,95678,916-920-3571
1856,Jovita,Oles,Pagano,8 S Haven St,Daytona Beach,Volusia,FL,32114
4880,Alesia,Hixenbaugh,Kwikprint,Washington,District of Columbia,DC,20001,202-646-7516
7233,Lai,Harabedian,Buergi & Madden Scale,Novato,Marin,CA,94945,415-423-3294
4803,Brittni,Gillaspie,Inner Label,Boise,Ada,ID,83709,208-709-1235
6074,Raylene,Kampa,Hermar Inc,Elkhart,Elkhart,IN,46514,574-499-1454
9811,Flo,Bookamer,Simonton Howe & Schneider Pc,Alliance,Box Butte,NE,69301,308-726-2182
9344,Jani,Biddy,Warehouse Office & Paper Prod,Seattle,King,WA,98104,206-711-6498
8888,Chauncey,Motley,Affiliated With Travelodge,Orlando,Orange,FL,32804,407-413-4842
